Source,Target,timestamp
0,1,2023-04-08T00:00:00.060000+05:30
1,2,2023-04-08T00:00:02.810000+05:30
1,3,2023-04-08T00:00:02.810000+05:30
2,4,2023-04-08T00:00:03.700000+05:30
2,5,2023-04-08T00:00:03.700000+05:30
4,6,2023-04-08T00:00:04.250000+05:30
4,7,2023-04-08T00:00:04.250000+05:30
6,8,2023-04-08T00:00:04.270000+05:30
6,9,2023-04-08T00:00:04.270000+05:30
8,10,2023-04-08T00:00:04.280000+05:30
8,11,2023-04-08T00:00:04.280000+05:30
10,12,2023-04-08T00:00:04.370000+05:30
10,13,2023-04-08T00:00:04.370000+05:30
12,14,2023-04-08T00:00:04.380000+05:30
12,15,2023-04-08T00:00:04.380000+05:30
14,16,2023-04-08T00:00:04.400000+05:30
14,17,2023-04-08T00:00:04.400000+05:30
16,18,2023-04-08T00:00:04.430000+05:30
16,19,2023-04-08T00:00:04.430000+05:30
18,20,2023-04-08T00:00:04.440000+05:30
18,21,2023-04-08T00:00:04.440000+05:30
20,22,2023-04-08T00:00:04.460000+05:30
20,23,2023-04-08T00:00:04.460000+05:30
22,24,2023-04-08T00:00:04.470000+05:30
22,25,2023-04-08T00:00:04.470000+05:30
24,26,2023-04-08T00:00:04.500000+05:30
24,27,2023-04-08T00:00:04.500000+05:30
26,28,2023-04-08T00:00:04.520000+05:30
26,29,2023-04-08T00:00:04.520000+05:30
28,30,2023-04-08T00:00:04.540000+05:30
28,31,2023-04-08T00:00:04.540000+05:30
30,32,2023-04-08T00:00:04.550000+05:30
30,33,2023-04-08T00:00:04.550000+05:30
32,34,2023-04-08T00:00:04.560000+05:30
32,35,2023-04-08T00:00:04.560000+05:30
34,36,2023-04-08T00:00:04.580000+05:30
34,37,2023-04-08T00:00:04.580000+05:30
17,38,2023-04-08T00:00:04.770000+05:30
17,39,2023-04-08T00:00:04.770000+05:30
38,40,2023-04-08T00:00:04.780000+05:30
38,41,2023-04-08T00:00:04.780000+05:30
40,42,2023-04-08T00:00:04.800000+05:30
40,43,2023-04-08T00:00:04.800000+05:30
42,44,2023-04-08T00:00:04.810000+05:30
42,45,2023-04-08T00:00:04.810000+05:30
19,46,2023-04-08T00:00:04.870000+05:30
19,47,2023-04-08T00:00:04.870000+05:30
46,48,2023-04-08T00:00:04.890000+05:30
46,49,2023-04-08T00:00:04.890000+05:30
48,50,2023-04-08T00:00:04.910000+05:30
48,51,2023-04-08T00:00:04.910000+05:30
50,52,2023-04-08T00:00:04.930000+05:30
50,53,2023-04-08T00:00:04.930000+05:30
52,54,2023-04-08T00:00:04.960000+05:30
52,55,2023-04-08T00:00:04.960000+05:30
54,56,2023-04-08T00:00:04.990000+05:30
54,57,2023-04-08T00:00:04.990000+05:30
21,58,2023-04-08T00:00:05.010000+05:30
21,59,2023-04-08T00:00:05.010000+05:30
58,60,2023-04-08T00:00:05.020000+05:30
58,61,2023-04-08T00:00:05.020000+05:30
60,62,2023-04-08T00:00:05.050000+05:30
60,63,2023-04-08T00:00:05.050000+05:30
62,64,2023-04-08T00:00:05.070000+05:30
62,65,2023-04-08T00:00:05.070000+05:30
64,66,2023-04-08T00:00:05.080000+05:30
64,67,2023-04-08T00:00:05.080000+05:30
66,68,2023-04-08T00:00:05.080000+05:30
66,69,2023-04-08T00:00:05.080000+05:30
23,70,2023-04-08T00:00:05.100000+05:30
23,71,2023-04-08T00:00:05.100000+05:30
70,72,2023-04-08T00:00:05.150000+05:30
70,73,2023-04-08T00:00:05.150000+05:30
72,74,2023-04-08T00:00:05.180000+05:30
72,75,2023-04-08T00:00:05.180000+05:30
74,76,2023-04-08T00:00:05.190000+05:30
74,77,2023-04-08T00:00:05.190000+05:30
76,78,2023-04-08T00:00:05.200000+05:30
76,79,2023-04-08T00:00:05.200000+05:30
25,80,2023-04-08T00:00:05.230000+05:30
25,81,2023-04-08T00:00:05.230000+05:30
80,82,2023-04-08T00:00:05.240000+05:30
80,83,2023-04-08T00:00:05.240000+05:30
82,84,2023-04-08T00:00:05.260000+05:30
82,85,2023-04-08T00:00:05.260000+05:30
27,86,2023-04-08T00:00:05.290000+05:30
27,87,2023-04-08T00:00:05.290000+05:30
86,88,2023-04-08T00:00:05.310000+05:30
86,89,2023-04-08T00:00:05.310000+05:30
88,90,2023-04-08T00:00:05.320000+05:30
88,91,2023-04-08T00:00:05.320000+05:30
29,92,2023-04-08T00:00:05.360000+05:30
29,93,2023-04-08T00:00:05.360000+05:30
87,94,2023-04-08T00:00:05.390000+05:30
87,95,2023-04-08T00:00:05.390000+05:30
31,96,2023-04-08T00:00:05.440000+05:30
31,97,2023-04-08T00:00:05.440000+05:30
95,98,2023-04-08T00:00:05.450000+05:30
95,99,2023-04-08T00:00:05.450000+05:30
33,100,2023-04-08T00:00:05.490000+05:30
33,101,2023-04-08T00:00:05.490000+05:30
93,102,2023-04-08T00:00:05.520000+05:30
93,103,2023-04-08T00:00:05.520000+05:30
