Id,Label,timestamp
0,v0,2023-04-08T00:00:00.040000+05:30
1,v1,2023-04-08T00:00:03.980000+05:30
2,v2,2023-04-08T00:00:03.980000+05:30
3,v3,2023-04-08T00:00:04.490000+05:30
4,v4,2023-04-08T00:00:04.490000+05:30
5,v5,2023-04-08T00:00:04.520000+05:30
6,v6,2023-04-08T00:00:04.520000+05:30
7,v7,2023-04-08T00:00:04.530000+05:30
8,v8,2023-04-08T00:00:04.530000+05:30
9,v9,2023-04-08T00:00:04.570000+05:30
10,v10,2023-04-08T00:00:04.570000+05:30
11,v11,2023-04-08T00:00:04.580000+05:30
12,v12,2023-04-08T00:00:04.580000+05:30
13,v13,2023-04-08T00:00:04.600000+05:30
14,v14,2023-04-08T00:00:04.600000+05:30
15,v15,2023-04-08T00:00:04.620000+05:30
16,v16,2023-04-08T00:00:04.620000+05:30
17,v17,2023-04-08T00:00:04.630000+05:30
18,v18,2023-04-08T00:00:04.630000+05:30
19,v19,2023-04-08T00:00:04.640000+05:30
20,v20,2023-04-08T00:00:04.640000+05:30
21,v21,2023-04-08T00:00:04.750000+05:30
22,v22,2023-04-08T00:00:04.750000+05:30
23,v23,2023-04-08T00:00:04.750000+05:30